LastLat,LastLng,magX,magY,magZ,Lat,Lng
19.0759646,72.99212074,44.53735352,1.223754883,-19.58007813,19.0759646,72.99212074
19.0759646,72.99212074,44.61975098,1.127624512,-16.50390625,19.075969,72.99209642
19.075969,72.99209642,42.8817749,1.431274414,-15.13824463,19.07596306,72.99209316
19.07596306,72.99209316,44.31762695,2.963256836,-18.5546875,19.07596271,72.99208939
19.07596271,72.99208939,43.359375,1.721191406,-22.92480469,19.07596924,72.99210035
19.07596924,72.99210035,42.1661377,-0.895690918,-18.87512207,19.07596994,72.99210033
19.07596994,72.99210033,41.86859131,-6.057739258,-19.53887939,19.07597011,72.99210199
19.07597011,72.99210199,43.39141846,-3.526306152,-22.39685059,19.07597014,72.99210194
19.07597014,72.99210194,42.38433838,-4.275512695,-25.66223145,19.07597032,72.99210044
19.07597032,72.99210044,40.25726318,-4.821777344,-21.79107666,19.07597046,72.99209928
19.07597046,72.99209928,39.91546631,-9.663391113,-20.40557861,19.07597047,72.99209901
19.07597047,72.99209901,40.43884277,-8.139038086,-24.40185547,19.07597036,72.99210014
19.07597036,72.99210014,41.32843018,-9.379577637,-23.35510254,19.07597027,72.99210046
19.07597027,72.99210046,39.55535889,-10.4019165,-23.96697998,19.07597024,72.9921004
19.07597024,72.9921004,39.72015381,-12.40386963,-22.55249023,19.07597019,72.99210058
19.07597019,72.99210058,43.35784912,-11.84997559,-23.46038818,19.07597018,72.99210049
19.07597018,72.99210049,41.56494141,-14.20898438,-22.89581299,19.07597016,72.99210046
19.07597016,72.99210046,41.55426025,-12.22229004,-20.05004883,19.07597014,72.99210031
19.07597014,72.99210031,42.918396,-12.71057129,-18.35479736,19.07597013,72.99210002
19.07597013,72.99210002,43.47991943,-13.44604492,-19.68078613,19.07597011,72.99210004
19.07597011,72.99210004,41.1026001,-11.72332764,-21.48132324,19.0759701,72.99210012
19.0759701,72.99210012,43.87054443,-13.86260986,-18.2510376,19.07597007,72.99210015
19.07597007,72.99210015,41.8838501,-12.05291748,-19.72351074,19.07597008,72.99210041
19.07597008,72.99210041,43.52416992,-13.93737793,-21.49353027,19.0759701,72.99210052
19.0759701,72.99210052,44.45800781,-12.75939941,-21.0647583,19.07597009,72.99210046
19.07597009,72.99210046,42.88482666,-13.95263672,-20.01647949,19.07597009,72.9921004
19.07597009,72.9921004,43.24798584,-11.94915771,-19.83795166,19.0759701,72.99210038
19.0759701,72.99210038,42.62237549,-10.54077148,-20.40252686,19.07597014,72.99210024
19.07597014,72.99210024,43.70727539,-11.10229492,-21.55303955,19.07597018,72.99210027
19.07597018,72.99210027,44.89898682,-10.42785645,-19.85778809,19.07597016,72.99210039
19.07597016,72.99210039,44.43969727,-6.932067871,-20.88165283,19.07597016,72.99210044
19.07597016,72.99210044,43.71032715,-10.59875488,-22.65472412,19.07597016,72.99210049
19.07597016,72.99210049,45.02105713,-10.33477783,-21.43096924,19.07597014,72.99210048
19.07597014,72.99210048,43.8659668,-9.01184082,-23.27270508,19.07597014,72.99210043
19.07597014,72.99210043,42.00439453,-7.53326416,-24.74365234,19.0759701,72.99210022
19.0759701,72.99210022,44.98138428,-7.992553711,-24.41558838,19.07597008,72.99210014
19.07597008,72.99210014,43.8949585,-6.498718262,-26.57165527,19.07597002,72.99210008
19.07597002,72.99210008,43.23272705,-7.765197754,-24.62768555,19.07597001,72.99210004
19.07597001,72.99210004,43.44787598,-6.341552734,-25.95367432,19.07597001,72.99210003
19.07597001,72.99210003,44.38781738,-11.57531738,-25.71105957,19.07596998,72.9920999
19.07596998,72.9920999,43.49822998,-6.66809082,-27.293396,19.07596994,72.99209979
19.07596994,72.99209979,43.47686768,-8.50982666,-25.09613037,19.0759699,72.99209966
19.0759699,72.99209966,44.15283203,-6.326293945,-27.11334229,19.07596989,72.99209963
19.07596989,72.99209963,44.38934326,-7.655334473,-26.95465088,19.07596989,72.99209962
19.07596989,72.99209962,44.53430176,-6.820678711,-26.94549561,19.0759699,72.99209961
19.0759699,72.99209961,45.81756592,-7.804870605,-26.2802124,19.07596988,72.9920996
19.07596988,72.9920996,46.09222412,-6.20880127,-28.70788574,19.07596988,72.9920996
19.07596988,72.9920996,46.96807861,-5.206298828,-26.62658691,19.07596988,72.9920996
19.07596988,72.9920996,46.93450928,-3.034973145,-28.19366455,19.07596987,72.99209974
19.07596987,72.99209974,46.00982666,-3.880310059,-28.22723389,19.07596986,72.99209958
19.07596986,72.99209958,45.89233398,-3.047180176,-28.77807617,19.07596985,72.99209949
19.07596985,72.99209949,46.91619873,-0.706481934,-27.70996094,19.07596984,72.99209937
19.07596984,72.99209937,46.29669189,4.197692871,-27.54974365,19.0759698,72.99209934
19.0759698,72.99209934,47.63793945,-0.785827637,-26.03302002,19.0759698,72.99209931
19.0759698,72.99209931,45.84655762,1.61895752,-29.62493896,19.07596981,72.99209929
19.07596981,72.99209929,45.84197998,0.776672363,-27.58026123,19.07596981,72.99209929
19.07596981,72.99209929,46.13647461,-1.138305664,-26.55487061,19.07596978,72.99209928
19.07596978,72.99209928,5.986022949,31.88171387,-33.33740234,19.07596978,72.99209929
19.07596978,72.99209929,-19.04449463,21.52862549,-31.64520264,19.07596979,72.99209927
19.07596979,72.99209927,-33.09020996,-9.756469727,-24.97711182,19.0759698,72.99209928
19.0759698,72.99209928,-32.17163086,-16.07208252,-24.74212646,19.0759698,72.9920993
19.0759698,72.9920993,-31.53076172,-16.48101807,-24.72381592,19.07596978,72.99209929
19.07596978,72.99209929,-32.01599121,-11.99951172,-22.59063721,19.07596978,72.99209931
19.07596978,72.99209931,-32.43408203,-10.597229,-21.02050781,19.07596977,72.99209932
19.07596977,72.99209932,-31.55059814,-7.913208008,-22.7935791,19.07596976,72.9920993
19.07596976,72.9920993,-29.97741699,-7.312011719,-21.95281982,19.07596974,72.99209928
19.07596974,72.99209928,-29.61273193,-8.302307129,-22.81341553,19.07596975,72.99209926
19.07596975,72.99209926,-30.00640869,-9.484863281,-19.91424561,19.07596974,72.99209926
19.07596974,72.99209926,-30.13305664,-4.893493652,-23.12927246,19.07596974,72.99209925
19.07596974,72.99209925,-29.0145874,-7.374572754,-23.49853516,19.07596974,72.99209929
19.07596974,72.99209929,-28.88946533,-5.137634277,-20.48950195,19.07596973,72.99209935
19.07596973,72.99209935,-27.50854492,-7.192993164,-21.79718018,19.07596973,72.99209942
19.07596973,72.99209942,-27.65197754,-7.01751709,-24.40185547,19.07596972,72.99209946
19.07596972,72.99209946,-29.39910889,-4.138183594,-22.07794189,19.07596974,72.99209944
19.07596974,72.99209944,-26.60522461,2.980041504,-22.3526001,19.07596971,72.99209952
19.07596971,72.99209952,-26.40686035,-3.594970703,-22.37548828,19.07596971,72.99209964
19.07596971,72.99209964,-27.92816162,-4.946899414,-22.90344238,19.07596973,72.99209968
19.07596973,72.99209968,-28.15551758,-2.946472168,-24.00360107,19.07596979,72.99209966
19.07596979,72.99209966,-24.64141846,-2.229309082,-24.52087402,19.07596987,72.99209974
19.07596987,72.99209974,-25.75073242,-3.253173828,-22.27478027,19.07596988,72.99209981
19.07596988,72.99209981,-25.32653809,-0.993347168,-23.66943359,19.07596991,72.99209997
19.07596991,72.99209997,-27.96020508,-3.788757324,-21.16394043,19.07596993,72.99210006
19.07596993,72.99210006,-25.63934326,-0.331115723,-23.75488281,19.07596992,72.99210008
19.07596992,72.99210008,-26.24206543,-2.182006836,-21.26159668,19.07596987,72.99210012
19.07596987,72.99210012,-26.36108398,-0.758361816,-23.70147705,19.07596989,72.99210018
19.07596989,72.99210018,-26.91955566,-0.277709961,-21.19445801,19.07596994,72.99210019
19.07596994,72.99210019,-25.33569336,1.329040527,-21.69036865,19.07596997,72.99210012
19.07596997,72.99210012,-26.14746094,-1.275634766,-18.96820068,19.07597,72.99210007
19.07597,72.99210007,-25.60577393,1.586914063,-24.1394043,19.07597004,72.99210001
19.07597004,72.99210001,-25.43640137,-0.587463379,-21.6217041,19.07597005,72.99209998
19.07597005,72.99209998,-24.93896484,1.412963867,-20.652771,19.0759701,72.99210007
19.0759701,72.99210007,-26.80664063,-2.119445801,-18.20373535,19.07597005,72.99210004
19.07597005,72.99210004,-24.33624268,2.928161621,-22.20306396,19.07596998,72.99210004
19.07596998,72.99210004,-24.98626709,2.159118652,-20.01953125,19.07596996,72.99210003
19.07596996,72.99210003,-24.48883057,1.000976563,-20.0088501,19.07596998,72.99210008
19.07596998,72.99210008,-24.8916626,0.160217285,-19.5526123,19.07596994,72.99210008
19.07596994,72.99210008,-24.3560791,1.084899902,-19.76928711,19.07597001,72.99210041
19.07597001,72.99210041,-24.40643311,-1.664733887,-19.46716309,19.07597002,72.99210102
19.07597002,72.99210102,-22.97210693,-1.312255859,-19.34204102,19.07596989,72.9921041
19.07596989,72.9921041,-21.66442871,-1.722717285,-16.54510498,19.07596991,72.99210499
19.07596991,72.99210499,-23.38256836,-5.053710938,-21.89331055,19.07596996,72.99210534
19.07596996,72.99210534,-23.19335938,-6.228637695,-19.13452148,19.07596999,72.9921054
19.07596999,72.9921054,-23.56414795,-3.591918945,-13.77563477,19.07597003,72.99210577
19.07597003,72.99210577,-24.49951172,-5.191040039,-13.2598877,19.07597007,72.9921061
19.07597007,72.9921061,-25.04119873,-5.604553223,-15.48614502,19.07597009,72.9921065
19.07597009,72.9921065,-25.34332275,-8.363342285,-14.01062012,19.07597017,72.9921064
19.07597017,72.9921064,-24.84283447,-3.625488281,-10.42633057,19.07597028,72.99210648
19.07597028,72.99210648,-26.36566162,-5.905151367,-8.277893066,19.07597035,72.9921068
19.07597035,72.9921068,-28.66668701,-9.666442871,-12.30773926,19.07596969,72.99211093
19.07596969,72.99211093,-29.13513184,-11.01226807,-10.51483154,19.07596919,72.99211444
19.07596919,72.99211444,-28.3416748,-1.699829102,-5.010986328,19.07596909,72.99211515
19.07596909,72.99211515,-31.22406006,-6.147766113,-6.538391113,19.07596911,72.99211608
19.07596911,72.99211608,-30.58929443,-12.78686523,-9.387207031,19.07596924,72.99211654
19.07596924,72.99211654,-32.03582764,-5.000305176,-4.983520508,19.07596924,72.99211728
19.07596924,72.99211728,38.80310059,8.061218262,-2.46887207,19.0759977,72.99235804
19.0759977,72.99235804,41.78619385,-0.494384766,2.630615234,19.07599751,72.9923309
19.07599751,72.9923309,39.24560547,-3.34777832,-0.692749023,19.07599194,72.99232384
19.07599194,72.99232384,39.26239014,-4.830932617,-4.010009766,19.07598784,72.99231634
19.07598784,72.99231634,38.47808838,-1.000976563,-6.381225586,19.07598151,72.99231009
19.07598151,72.99231009,37.34436035,-3.78112793,-2.725219727,19.07597737,72.99230094
19.07597737,72.99230094,36.76300049,-2.60925293,-6.127929688,19.07597265,72.99229615
19.07597265,72.99229615,36.4944458,-5.766296387,-8.35723877,19.07597005,72.9922948
19.07597005,72.9922948,37.19329834,-5.577087402,-11.32965088,19.07596838,72.99229091
19.07596838,72.99229091,37.20550537,-6.178283691,-7.391357422,19.07596868,72.99228911
19.07596868,72.99228911,37.14752197,-4.917907715,-10.06622314,19.07597044,72.99228351
19.07597044,72.99228351,37.0223999,-7.57598877,-11.89575195,19.07597097,72.99228157
19.07597097,72.99228157,38.78936768,-6.465148926,-12.78076172,19.07597127,72.99227963
19.07597127,72.99227963,38.95568848,-5.307006836,-10.32714844,19.07597145,72.99227383
19.07597145,72.99227383,38.3895874,-7.054138184,-12.7166748,19.07597461,72.99226419
19.07597461,72.99226419,39.47753906,-10.86273193,-13.96179199,19.07597559,72.99226153
19.07597559,72.99226153,40.06652832,-9.928894043,-16.065979,19.07597629,72.9922596
19.07597629,72.9922596,40.03295898,-9.02557373,-13.61999512,19.07597642,72.99225922
19.07597642,72.99225922,39.86663818,-10.3515625,-15.52276611,19.07597651,72.99225892
19.07597651,72.99225892,40.6036377,-12.92724609,-14.17236328,19.07597652,72.99225883
19.07597652,72.99225883,41.31774902,-12.66479492,-15.01464844,19.07597646,72.99225877
19.07597646,72.99225877,39.93225098,-11.36322021,-12.21466064,19.07597644,72.99225878
19.07597644,72.99225878,40.80810547,-12.42523193,-14.16320801,19.07597652,72.99225873
19.07597652,72.99225873,41.55426025,-14.50042725,-13.12408447,19.07597658,72.99225878
19.07597658,72.99225878,42.63000488,-12.31994629,-13.47503662,19.0759766,72.99225875
19.0759766,72.99225875,41.39556885,-12.75787354,-12.49237061,19.0759766,72.99225876
19.0759766,72.99225876,40.71960449,-10.09216309,-14.70794678,19.0759766,72.99225886
19.0759766,72.99225886,40.79437256,-13.09051514,-14.4821167,19.07597661,72.99225884
19.07597661,72.99225884,42.10968018,-8.827209473,-14.10675049,19.07597662,72.99225879
19.07597662,72.99225879,41.78466797,-9.336853027,-12.62207031,19.07597663,72.99225877
19.07597663,72.99225877,40.4800415,-8.253479004,-17.22869873,19.07597662,72.99225882
19.07597662,72.99225882,41.77398682,-11.89880371,-17.04711914,19.07597662,72.99225882
19.07597662,72.99225882,41.74957275,-9.312438965,-18.45397949,19.07597662,72.99225882
19.07597662,72.99225882,41.09191895,-7.421875,-15.15655518,19.07597662,72.99225882
19.07597662,72.99225882,41.93572998,-6.565856934,-17.72613525,19.07597661,72.99225882
19.07597661,72.99225882,42.61932373,-8.474731445,-16.6885376,19.0759766,72.99225881
19.0759766,72.99225881,42.18292236,-6.636047363,-19.68994141,19.07597662,72.99225879
19.07597662,72.99225879,41.99523926,-3.314208984,-18.26171875,19.07597664,72.99225874
19.07597664,72.99225874,42.76428223,-0.053405762,-19.16809082,19.07597665,72.99225873
19.07597665,72.99225873,42.3034668,-7.051086426,-19.76623535,19.07597667,72.99225864
19.07597667,72.99225864,42.72155762,-2.217102051,-19.49462891,19.07597668,72.99225858
19.07597668,72.99225858,45.74279785,-1.188659668,-16.55883789,19.0759767,72.99225852
19.0759767,72.99225852,44.58618164,-0.537109375,-16.67022705,19.0759767,72.99225852
19.0759767,72.99225852,44.88983154,-0.347900391,-20.83740234,19.07597671,72.99225849
19.07597671,72.99225849,46.02508545,-5.749511719,-19.72198486,19.0759767,72.99225849
19.0759767,72.99225849,46.41571045,-1.654052734,-21.89941406,19.07597669,72.9922585
19.07597669,72.9922585,49.62310791,-4.454040527,-18.81561279,19.07597669,72.99225851
19.07597669,72.99225851,50.36621094,1.397705078,-21.60339355,19.07597669,72.99225847
19.07597669,72.99225847,49.15008545,-4.446411133,-22.06115723,19.07597669,72.99225844
19.07597669,72.99225844,49.18365479,0.633239746,-21.80175781,19.0759767,72.99225841
19.0759767,72.99225841,51.35345459,2.583312988,-23.06518555,19.07597671,72.99225841
19.07597671,72.99225841,51.69067383,-0.328063965,-22.43652344,19.07597672,72.99225842
19.07597672,72.99225842,50.13122559,-3.425598145,-23.91815186,19.07597673,72.99225843
19.07597673,72.99225843,47.66235352,-0.042724609,-24.53155518,19.07597674,72.99225844
19.07597674,72.99225844,49.65820313,2.059936523,-22.88360596,19.07597674,72.99225843
19.07597674,72.99225843,48.10028076,-1.713562012,-21.925354,19.07597674,72.99225841
19.07597674,72.99225841,46.77581787,-2.13470459,-25.04272461,19.07597675,72.99225833
19.07597675,72.99225833,44.90203857,1.499938965,-24.45373535,19.07597675,72.99225832
19.07597675,72.99225832,46.2310791,2.424621582,-22.20153809,19.07597675,72.99225829
19.07597675,72.99225829,42.80395508,0.305175781,-24.52545166,19.07597675,72.99225827
19.07597675,72.99225827,46.2387085,-1.248168945,-20.16906738,19.07597675,72.99225828
19.07597675,72.99225828,43.25714111,2.964782715,-22.05505371,19.07597675,72.99225833
19.07597675,72.99225833,6.271362305,28.11431885,-27.98461914,19.07597675,72.99225841
19.07597675,72.99225841,-29.4418335,-12.87689209,-23.14300537,19.07597674,72.99225849
19.07597674,72.99225849,-30.64727783,-11.64855957,-22.46704102,19.07597676,72.99225849
19.07597676,72.99225849,-31.8649292,-3.750610352,-23.57177734,19.07597677,72.99225852
19.07597677,72.99225852,-38.42315674,-8.688354492,-19.85931396,19.07597677,72.99225853
19.07597677,72.99225853,-30.61523438,-19.37866211,-25.18157959,19.07597678,72.99225852
19.07597678,72.99225852,-36.83929443,-12.72735596,-24.16229248,19.07597677,72.99225854
19.07597677,72.99225854,-50.79193115,8.657836914,-27.73284912,19.07597677,72.99225856
19.07597677,72.99225856,-38.30566406,-14.99938965,-23.43139648,19.07597677,72.99225858
19.07597677,72.99225858,-38.73596191,-18.09844971,-20.54290771,19.07597677,72.99225858
19.07597677,72.99225858,-44.71893311,-17.91992188,-23.56719971,19.07597678,72.99225858
19.07597678,72.99225858,-38.75427246,-26.01013184,-20.26367188,19.07597678,72.99225858
19.07597678,72.99225858,-32.15942383,-19.83337402,-21.68426514,19.07597678,72.99225858
19.07597678,72.99225858,-32.8704834,-17.61169434,-17.67730713,19.07597678,72.99225859
19.07597678,72.99225859,-30.1940918,-16.23687744,-18.92700195,19.07597678,72.99225859
19.07597678,72.99225859,-29.66766357,-13.15765381,-16.7678833,19.07597678,72.99225859
19.07597678,72.99225859,-26.63574219,-14.53704834,-15.18249512,19.07597679,72.99225859
19.07597679,72.99225859,-27.81066895,-10.62927246,-17.95959473,19.0759768,72.99225859
19.0759768,72.99225859,-25.55847168,-11.25946045,-18.9163208,19.0759768,72.99225856
19.0759768,72.99225856,-25.5355835,-7.438659668,-16.53442383,19.0759768,72.99225855
19.0759768,72.99225855,-24.22180176,-9.158325195,-18.94378662,19.07597681,72.99225857
19.07597681,72.99225857,-25.54168701,-7.43560791,-17.47894287,19.0759768,72.99225858
19.0759768,72.99225858,-26.43127441,-7.038879395,-15.61431885,19.0759768,72.99225857
19.0759768,72.99225857,-24.14855957,-5.917358398,-17.19360352,19.0759768,72.99225858
19.07598378,72.99221082,5.192565918,36.68212891,-29.47692871,19.07598378,72.99221082
19.07598378,72.99221082,6.884765625,33.11920166,-28.02124023,19.07598382,72.99221053
19.07598382,72.99221053,4.159545898,33.41827393,-29.2098999,19.07598359,72.99221143
19.07598359,72.99221143,4.071044922,36.50970459,-31.87713623,19.07598359,72.99221139
19.07598359,72.99221139,1.119995117,34.46655273,-30.87615967,19.07598361,72.99221133
19.07598361,72.99221133,-0.079345703,32.2769165,-29.19006348,19.07598361,72.99221133
19.07598361,72.99221133,-1.641845703,32.42797852,-30.65643311,19.07598361,72.99221132
19.07598361,72.99221132,-2.363586426,35.0769043,-29.48455811,19.07598362,72.99221126
19.07598362,72.99221126,-2.565002441,34.1506958,-27.84118652,19.07598362,72.99221116
19.07598362,72.99221116,-2.9296875,32.06481934,-28.01818848,19.07598363,72.99221114
19.07598363,72.99221114,-3.213500977,31.82525635,-31.26068115,19.07598363,72.99221111
19.07598363,72.99221111,-2.006530762,33.50067139,-29.7958374,19.07598364,72.99221107
19.07598364,72.99221107,-5.307006836,30.28869629,-29.28314209,19.07598364,72.99221107
19.07598364,72.99221107,-5.888366699,27.87780762,-32.15026855,19.07598378,72.99221028
19.07598378,72.99221028,-5.575561523,26.87835693,-30.88378906,19.07598378,72.99221028
19.07598378,72.99221028,-6.69708252,26.28479004,-32.02514648,19.07598378,72.99221028
19.07598378,72.99221028,-6.005859375,27.69775391,-29.47540283,19.07598378,72.99221028
19.07598378,72.99221028,-4.949951172,22.81494141,-32.77435303,19.07598373,72.99220973
19.07598373,72.99220973,-3.79486084,24.98626709,-30.75866699,19.07598373,72.99220973
19.07598373,72.99220973,-5.540466309,22.13439941,-31.45599365,19.07598373,72.99220973
19.07598373,72.99220973,-5.084228516,19.06280518,-32.16552734,19.07598373,72.99220973
19.07598373,72.99220973,-3.332519531,17.90771484,-28.72772217,19.07598381,72.99220915
19.07598381,72.99220915,0.16784668,21.20361328,-28.6026001,19.07598381,72.99220916
19.07598381,72.99220916,-2.796936035,22.32971191,-29.08477783,19.07604163,72.99178182
19.07604163,72.99178182,2.9296875,20.41931152,-30.72509766,19.07604163,72.99178182
19.07604163,72.99178182,0.11138916,18.96362305,-30.82122803,19.07604163,72.99178182
19.07604163,72.99178182,0.299072266,18.6340332,-30.97381592,19.07604163,72.99178182
19.07604163,72.99178182,-1.475524902,23.51226807,-28.72161865,19.07604163,72.99178182
19.07604163,72.99178182,-4.536437988,20.65582275,-32.61413574,19.07560997,72.99177832
19.07560997,72.99177832,-3.118896484,23.16741943,-31.29730225,19.07562936,72.99180385
19.07562936,72.99180385,-3.187561035,22.91564941,-31.1416626,19.07564918,72.99182182
19.07564918,72.99182182,-5.006408691,22.47009277,-30.25665283,19.07561174,72.9918247
19.07561174,72.9918247,-1.573181152,25.68206787,-30.21240234,19.07561174,72.9918247
19.07561174,72.9918247,-2.470397949,26.42059326,-30.63201904,19.07570208,72.99185968
19.07570208,72.99185968,-1.177978516,25.34637451,-28.23181152,19.07570208,72.99185968
19.07570208,72.99185968,-2.960205078,27.23693848,-28.59344482,19.07570208,72.99185968
19.07570208,72.99185968,-3.497314453,26.7364502,-29.87365723,19.07570208,72.99185968
19.07570208,72.99185968,-3.944396973,29.29534912,-26.171875,19.07570208,72.99185968
19.07570208,72.99185968,-1.829528809,28.07769775,-26.5838623,19.07570208,72.99185968
19.07570208,72.99185968,-1.98059082,29.05731201,-22.48535156,19.07570208,72.99185968
19.07570208,72.99185968,-3.804016113,28.78112793,-22.70202637,19.07570208,72.99185968
19.07570208,72.99185968,-1.062011719,29.737854,-22.92785645,19.07570208,72.99185968
19.07570208,72.99185968,0.89263916,30.01251221,-22.31292725,19.07570208,72.99185968
19.07570208,72.99185968,-1.644897461,29.22210693,-21.13494873,19.07570208,72.99185968
19.07570208,72.99185968,-1.594543457,28.47442627,-21.21582031,19.07570208,72.99185968
19.07570208,72.99185968,-4.707336426,28.42712402,-20.7611084,19.07570208,72.99185968
19.07570208,72.99185968,-2.772521973,28.21044922,-21.96350098,19.07570208,72.99185968
19.07570208,72.99185968,-3.578186035,26.78375244,-22.15270996,19.07570208,72.99185968
19.07570208,72.99185968,-1.396179199,25.39672852,-21.69647217,19.07570208,72.99185968
19.07570208,72.99185968,0.648498535,24.4354248,-23.68621826,19.07570208,72.99185968
19.07570208,72.99185968,-0.72479248,27.41699219,-24.10888672,19.07570208,72.99185968
19.07570208,72.99185968,3.550720215,24.57427979,-27.06298828,19.07570208,72.99185968
19.07570208,72.99185968,6.785583496,14.04724121,-27.4810791,19.07570208,72.99185968
19.07570208,72.99185968,16.73736572,13.87939453,-33.08105469,19.07570208,72.99185968
19.07570208,72.99185968,7.688903809,25.23498535,-31.26373291,19.07570208,72.99185968
19.07570208,72.99185968,9.585571289,29.50897217,-31.26373291,19.07570208,72.99185968
19.07570208,72.99185968,27.90527344,34.39483643,-42.3324585,19.07570208,72.99185968
19.07570208,72.99185968,7.577514648,38.58337402,-37.82653809,19.07570208,72.99185968
19.07570208,72.99185968,6.983947754,30.15136719,-34.49554443,19.07570208,72.99185968
19.07570208,72.99185968,1.737976074,30.15441895,-33.08410645,19.07570208,72.99185968
19.07570208,72.99185968,9.176635742,35.92224121,-33.21838379,19.07570208,72.99185968
19.0760295,72.99202543,5.06439209,-41.38183594,-22.50976563,19.0760295,72.99202543
19.0760295,72.99202543,4.516601563,-39.64233398,-22.12371826,19.0760295,72.99202543
19.0760295,72.99202543,2.053833008,-40.43884277,-19.13146973,19.0760295,72.99202543
19.0760295,72.99202543,6.0546875,-40.7043457,-21.76513672,19.0760295,72.99202543
19.0760295,72.99202543,8.190917969,-42.2744751,-17.52929688,19.0760295,72.99202543
19.0760295,72.99202543,5.390930176,-39.06097412,-18.78356934,19.0760295,72.99202543
19.0760295,72.99202543,7.336425781,-40.55328369,-14.07928467,19.0760295,72.99202543
19.0760295,72.99202543,7.440185547,-41.03851318,-16.99523926,19.0760295,72.99202543
19.0760295,72.99202543,9.91973877,-41.60461426,-12.82196045,19.0760295,72.99202543
19.0760295,72.99202543,10.84594727,-40.59295654,-12.78839111,19.0760295,72.99202543
19.0760295,72.99202543,10.39886475,-40.6036377,-11.69891357,19.0760295,72.99202543
19.0760295,72.99202543,6.932067871,-42.06695557,-11.97052002,19.0760295,72.99202543
19.0760295,72.99202543,9.283447266,-42.6361084,-7.40814209,19.07602945,72.99202532
19.07602945,72.99202532,14.71099854,-39.72015381,-9.43145752,19.07602945,72.99202531
19.07602945,72.99202531,11.64855957,-40.6829834,-8.665466309,19.07602945,72.99202531
19.07602945,72.99202531,9.564208984,-40.87524414,-9.519958496,19.07602945,72.99202532
19.07602945,72.99202532,12.37640381,-38.40332031,-13.43994141,19.07602944,72.9920253
19.07602944,72.9920253,10.70861816,-40.50445557,-14.44702148,19.07602939,72.99202492
19.07602939,72.99202492,7.716369629,-41.55426025,-12.49542236,19.07602939,72.99202492
19.07602939,72.99202492,7.03125,-39.89562988,-12.98217773,19.07602939,72.99202492
19.07602939,72.99202492,9.797668457,-41.02172852,-13.21716309,19.07602939,72.99202492
19.07602939,72.99202492,11.43188477,-39.99481201,-14.34326172,19.07602939,72.99202492
19.07602939,72.99202492,11.36322021,-39.57061768,-16.39251709,19.07602939,72.99202492
19.07602939,72.99202492,10.72692871,-38.99841309,-16.015625,19.07602909,72.9920261
19.07602909,72.9920261,10.97869873,-38.98925781,-17.34771729,19.07602909,72.99202612
19.07602909,72.99202612,12.08496094,-39.05944824,-16.60461426,19.07602909,72.99202612
19.07602909,72.99202612,10.96801758,-39.65606689,-17.11425781,19.07602909,72.99202612
19.07602909,72.99202612,11.77825928,-35.81237793,-20.00579834,19.07602819,72.99202738
19.07602819,72.99202738,12.89520264,-34.96246338,-20.36132813,19.07602819,72.99202739
19.07602819,72.99202739,10.92987061,-35.48278809,-21.84448242,19.07602818,72.9920274
19.07602818,72.9920274,11.66381836,-35.15014648,-19.53277588,19.07602818,72.99202743
19.07602818,72.99202743,13.42010498,-34.6206665,-20.50170898,19.07602818,72.99202745
19.07602818,72.99202745,11.58752441,-34.55200195,-23.23760986,19.07602817,72.9920275
19.07602817,72.9920275,13.19580078,-35.36376953,-22.87597656,19.07602816,72.99202755
19.07602816,72.99202755,12.55645752,-35.54840088,-20.76873779,19.07602816,72.99202756
19.07602816,72.99202756,12.80975342,-36.0458374,-20.28961182,19.07602815,72.99202759
19.07602815,72.99202759,14.16015625,-36.01837158,-22.29614258,19.07602815,72.99202758
19.07602815,72.99202758,12.65563965,-36.70654297,-22.18933105,19.07602814,72.99202763
19.07602814,72.99202763,12.80670166,-36.46697998,-19.34661865,19.07602814,72.99202764
19.07602814,72.99202764,13.92211914,-35.27832031,-21.03881836,19.07602814,72.99202771
19.07602814,72.99202771,14.04876709,-34.85107422,-22.84698486,19.07602813,72.99202776
19.07602813,72.99202776,12.58392334,-37.63122559,-20.46203613,19.07602812,72.99202781
19.07602812,72.99202781,12.14447021,-37.64801025,-17.87414551,19.07602812,72.99202778
19.07602812,72.99202778,12.33978271,-37.05444336,-19.67926025,19.07602811,72.99202773
19.07602811,72.99202773,15.29998779,-37.41607666,-22.50366211,19.07602811,72.99202782
19.07602811,72.99202782,10.54534912,-38.90533447,-21.00372314,19.07602809,72.99202795
19.07602809,72.99202795,12.39013672,-37.54882813,-20.62530518,19.07602802,72.99202827
19.07602802,72.99202827,9.074401855,-38.01422119,-20.33691406,19.07602775,72.99202907
19.07602775,72.99202907,10.23406982,-38.7512207,-19.27947998,19.0760277,72.99202924
19.0760277,72.99202924,8.079528809,-40.03753662,-17.53997803,19.07602767,72.99202944
19.07602767,72.99202944,7.952880859,-39.19830322,-19.6685791,19.07602767,72.99202951
19.07602767,72.99202951,6.575012207,-37.48016357,-17.02423096,19.07602766,72.99202955
19.07602766,72.99202955,6.726074219,-39.64080811,-17.42248535,19.07602765,72.99202963
19.07602765,72.99202963,2.978515625,-37.67852783,-21.23565674,19.07602761,72.99202989
19.07602761,72.99202989,4.261779785,-36.26251221,-17.24853516,19.0760276,72.99203002
19.0760276,72.99203002,2.406311035,-34.28192139,-19.18945313,19.0760276,72.99203013
19.0760276,72.99203013,2.415466309,-37.449646,-18.33648682,19.0760276,72.99203011
19.0760276,72.99203011,3.863525391,-36.93695068,-16.63360596,19.0760276,72.99203001
19.0760276,72.99203001,1.504516602,-35.31341553,-14.96582031,19.0760276,72.99202999
19.0760276,72.99202999,-11.15875244,29.24804688,-24.71466064,19.07594266,72.9919234
19.07594266,72.9919234,-8.937072754,29.1595459,-23.76251221,19.07594261,72.99192354
19.07594261,72.99192354,-6.446838379,31.46362305,-24.62005615,19.07594264,72.99192347
19.07594264,72.99192347,-9.692382813,27.41546631,-27.23083496,19.07594264,72.99192347